"","Name","Coefficient","Coefficient_std_error","Coefficient_P_value","Coefficient_P_FDR"
"1","Neuron",3.60987931397716e-09,1.32073164382602e-09,0.00313571092206364,0.00940713276619093
"2","Oligodendrocyte",2.32267098990879e-10,1.16058973126184e-09,0.42069003650695,0.631035054760426
"3","Astrocyte",-1.1723620184722e-09,1.0790939433371e-09,0.86135600941915,0.86135600941915
